model,config_id,params,fold,n_train,n_val,fit_time_sec,predict_time_sec,accuracy,balanced_accuracy,macro_precision,macro_recall,macro_f1,weighted_f1,mcc,precision_class_0,recall_class_0,f1_class_0,support_class_0,precision_class_1,recall_class_1,f1_class_1,support_class_1,precision_class_3,recall_class_3,f1_class_3,support_class_3
ExtraTrees,0,"{'n_estimators': 300, 'max_depth': None, 'class_weight': None}",1,6115,1536,1.2041460999753326,0.22772540000732988,0.98046875,0.9386368616680475,0.9370757449170403,0.9386368616680475,0.937789549631655,0.9804983798867434,0.9382133024312393,0.9968076616121309,0.9952191235059761,0.9960127591706539,1255,0.9117647058823529,0.9337349397590361,0.9226190476190477,166,0.9026548672566371,0.8869565217391304,0.8947368421052632,115
ExtraTrees,0,"{'n_estimators': 300, 'max_depth': None, 'class_weight': None}",2,6148,1503,1.1002667000284418,0.22572049999143928,0.9693945442448436,0.8757109115020968,0.9121147451733748,0.8757109115020968,0.8856149579253674,0.9682889132073221,0.9029827922168505,0.9959448499594485,0.9991863303498779,0.9975629569455727,1229,0.8118279569892473,0.949685534591195,0.8753623188405797,159,0.9285714285714286,0.6782608695652174,0.7839195979899497,115
ExtraTrees,0,"{'n_estimators': 300, 'max_depth': None, 'class_weight': None}",3,6146,1505,1.1852885999251157,0.22758089995477349,0.9727574750830564,0.896708871138077,0.9182838876475475,0.896708871138077,0.9027276387192941,0.9722775026893118,0.9144781609809179,0.9975550122249389,0.9959316517493898,0.996742671009772,1229,0.8368421052631579,0.9578313253012049,0.8932584269662921,166,0.9204545454545454,0.7363636363636363,0.8181818181818182,110
ExtraTrees,0,"{'n_estimators': 300, 'max_depth': None, 'class_weight': None}",4,6095,1556,1.144891700008884,0.22577290004119277,0.9710796915167095,0.8991396043837776,0.9479536227971878,0.8991396043837776,0.9200276451338899,0.9704959446299571,0.906480775328372,0.9829325058184639,0.9960691823899371,0.9894572432643499,1272,0.8713450292397661,0.9030303030303031,0.8869047619047619,165,0.9895833333333334,0.7983193277310925,0.8837209302325582,119
ExtraTrees,0,"{'n_estimators': 300, 'max_depth': None, 'class_weight': None}",5,6100,1551,1.0924312000861391,0.20362429996021092,0.9793681495809156,0.9216416936020605,0.9512526105679827,0.9216416936020605,0.934220723984179,0.9789481301695616,0.9350613710256452,0.9921197793538219,0.9976228209191759,0.9948636902410115,1262,0.9037433155080213,0.9548022598870056,0.9285714285714286,177,0.9578947368421052,0.8125,0.8792270531400966,112
ExtraTrees,1,"{'n_estimators': 300, 'max_depth': None, 'class_weight': 'balanced'}",1,6115,1536,1.2196576999267563,0.18828510004095733,0.978515625,0.9378400489190435,0.9318028748273569,0.9378400489190435,0.9346671662109719,0.978633576054497,0.9323826248175832,0.9968,0.9928286852589642,0.9948103792415169,1255,0.8959537572254336,0.9337349397590361,0.9144542772861357,166,0.9026548672566371,0.8869565217391304,0.8947368421052632,115
ExtraTrees,1,"{'n_estimators': 300, 'max_depth': None, 'class_weight': 'balanced'}",2,6148,1503,1.2147348000435159,0.2279508999781683,0.9687292082501663,0.8728123607774592,0.9103807747829951,0.8728123607774592,0.882724368221849,0.9675513408858033,0.9009170275731873,0.9959448499594485,0.9991863303498779,0.9975629569455727,1229,0.8074866310160428,0.949685534591195,0.8728323699421965,159,0.927710843373494,0.6695652173913044,0.7777777777777778,115
ExtraTrees,1,"{'n_estimators': 300, 'max_depth': None, 'class_weight': 'balanced'}",3,6146,1505,1.1629088999470696,0.23308579996228218,0.9754152823920266,0.9088300832592892,0.9254355884602065,0.9088300832592892,0.9139119734449014,0.975107580855589,0.922702214787267,0.9975550122249389,0.9959316517493898,0.996742671009772,1229,0.8548387096774194,0.9578313253012049,0.9034090909090909,166,0.9239130434782609,0.7727272727272727,0.8415841584158416,110
ExtraTrees,1,"{'n_estimators': 300, 'max_depth': None, 'class_weight': 'balanced'}",4,6095,1556,1.148453600006178,0.20063209999352694,0.9704370179948586,0.8996584683044172,0.9429239654803565,0.8996584683044172,0.9183980037324968,0.9699399729507779,0.9045099723189647,0.9836829836829837,0.9952830188679245,0.9894490035169988,1272,0.8654970760233918,0.896969696969697,0.8809523809523809,165,0.9795918367346939,0.8067226890756303,0.8847926267281107,119
ExtraTrees,1,"{'n_estimators': 300, 'max_depth': None, 'class_weight': 'balanced'}",5,6100,1551,1.297773800091818,0.20112400001380593,0.9825918762088974,0.9316246839061715,0.9617334361920976,0.9316246839061715,0.944747604651116,0.9822010302868831,0.9451720585271038,0.9921259842519685,0.9984152139461173,0.995260663507109,1262,0.9243243243243243,0.9661016949152542,0.9447513812154696,177,0.96875,0.8303571428571429,0.8942307692307693,112
RandomForest,0,"{'n_estimators': 300, 'max_depth': None, 'class_weight': None}",1,6115,1536,2.138735800050199,0.18422019993886352,0.978515625,0.9387691768285684,0.9279462212522382,0.9387691768285684,0.9330735241614576,0.9786888391003257,0.9323179929593945,0.996802557953637,0.9936254980079682,0.9952114924181963,1255,0.9263803680981595,0.9096385542168675,0.9179331306990881,166,0.860655737704918,0.9130434782608695,0.8860759493670886,115
RandomForest,0,"{'n_estimators': 300, 'max_depth': None, 'class_weight': None}",2,6148,1503,2.2117293999763206,0.17964570003096014,0.9680638722554891,0.8771328420462586,0.8949800217568177,0.8771328420462586,0.8841871803053731,0.9675291935524872,0.8979686624090887,0.9959448499594485,0.9991863303498779,0.9975629569455727,1229,0.8304093567251462,0.8930817610062893,0.8606060606060606,159,0.8585858585858586,0.7391304347826086,0.794392523364486,115
RandomForest,0,"{'n_estimators': 300, 'max_depth': None, 'class_weight': None}",3,6146,1505,2.2547098000068218,0.17636479996144772,0.9767441860465116,0.9114170714962818,0.9253437377572853,0.9114170714962818,0.9165778786971477,0.9764518406665474,0.9264955195046851,0.9975589910496339,0.9975589910496339,0.9975589910496339,1229,0.8722222222222222,0.9457831325301205,0.9075144508670521,166,0.90625,0.7909090909090909,0.8446601941747572,110
RandomForest,0,"{'n_estimators': 300, 'max_depth': None, 'class_weight': None}",4,6095,1556,2.1837620000587776,0.18032059993129224,0.9697943444730077,0.8956838081144408,0.943216063788574,0.8956838081144408,0.917624132888747,0.9690949718610204,0.9018194968770631,0.9806651198762568,0.9968553459119497,0.9886939571150097,1272,0.8881987577639752,0.8666666666666667,0.8773006134969326,165,0.9607843137254902,0.8235294117647058,0.8868778280542986,119
RandomForest,0,"{'n_estimators': 300, 'max_depth': None, 'class_weight': None}",5,6100,1551,2.116338099935092,0.18688880000263453,0.9813023855577047,0.9381802865746834,0.9568530031976787,0.9381802865746834,0.9469593419988948,0.9811205264789642,0.9410909239215514,0.9913249211356467,0.9960380348652932,0.9936758893280633,1262,0.9277777777777778,0.943502824858757,0.9355742296918768,177,0.9514563106796117,0.875,0.9116279069767442,112
RandomForest,1,"{'n_estimators': 300, 'max_depth': None, 'class_weight': 'balanced'}",1,6115,1536,1.9250902000349015,0.20357310003601015,0.9752604166666666,0.9322138719436902,0.9208142068098005,0.9322138719436902,0.9261357629303255,0.9754314433141427,0.922071868673363,0.9952038369304557,0.9920318725099602,0.9936153232242618,1255,0.9135802469135802,0.891566265060241,0.9024390243902439,166,0.8536585365853658,0.9130434782608695,0.8823529411764706,115
RandomForest,1,"{'n_estimators': 300, 'max_depth': None, 'class_weight': 'balanced'}",2,6148,1503,2.0003371000057086,0.17156190006062388,0.9687292082501663,0.877625048773084,0.8979538388753717,0.877625048773084,0.885054561878783,0.9680287932161454,0.9002032854669479,0.9959448499594485,0.9991863303498779,0.9975629569455727,1229,0.8333333333333334,0.9119496855345912,0.8708708708708709,159,0.8645833333333334,0.7217391304347827,0.7867298578199052,115
RandomForest,1,"{'n_estimators': 300, 'max_depth': None, 'class_weight': 'balanced'}",3,6146,1505,2.0127909999573603,0.18417270004283637,0.9707641196013289,0.8999842850951106,0.91391888264888,0.8999842850951106,0.9044490977715735,0.9705578324049868,0.9079053313558716,0.9951100244498777,0.9934906427990235,0.994299674267101,1229,0.842391304347826,0.9337349397590361,0.8857142857142857,166,0.9042553191489362,0.7727272727272727,0.8333333333333334,110
RandomForest,1,"{'n_estimators': 300, 'max_depth': None, 'class_weight': 'balanced'}",4,6095,1556,1.8577674999833107,0.17503699997905642,0.9691516709511568,0.8936636060942386,0.9427305260074149,0.8936636060942386,0.91634421116609,0.968413677220759,0.8996367952607827,0.9799072642967542,0.9968553459119497,0.9883086515978177,1272,0.8875,0.8606060606060606,0.8738461538461538,165,0.9607843137254902,0.8235294117647058,0.8868778280542986,119
RandomForest,1,"{'n_estimators': 300, 'max_depth': None, 'class_weight': 'balanced'}",5,6100,1551,1.8818728999467567,0.1683453000150621,0.9806576402321083,0.9319658797737042,0.9591609162649087,0.9319658797737042,0.944893378103635,0.9803591334660751,0.9387629544134231,0.9890023566378633,0.9976228209191759,0.9932938856015779,1262,0.9375,0.9322033898305084,0.9348441926345609,177,0.9509803921568627,0.8660714285714286,0.9065420560747663,112
DecisionTree,0,"{'max_depth': None, 'class_weight': None}",1,6115,1536,0.9221971998922527,0.003089900012128055,0.9440104166666666,0.8469031504504073,0.81510948880346,0.8469031504504073,0.828726542910681,0.9456542847809737,0.8279718741555308,0.9959579628132579,0.9816733067729083,0.9887640449438202,1255,0.7875,0.7590361445783133,0.7730061349693251,166,0.6618705035971223,0.8,0.7244094488188977,115
DecisionTree,0,"{'max_depth': None, 'class_weight': None}",2,6148,1503,0.9336551000596955,0.002899200073443353,0.9540918163672655,0.8551494030530522,0.8415632934544046,0.8551494030530522,0.8474962686201222,0.9546437452907546,0.8555614747738594,0.9967293540474244,0.9918633034987795,0.9942903752039152,1229,0.8092105263157895,0.7735849056603774,0.7909967845659164,159,0.71875,0.8,0.757201646090535,115
DecisionTree,0,"{'max_depth': None, 'class_weight': None}",3,6146,1505,1.0606889999471605,0.00400469999294728,0.9488372093023256,0.8332028312970797,0.8332518270201793,0.8332028312970797,0.8328552324460584,0.9488553789721523,0.8386309772857325,0.9918433931484503,0.9894222945484134,0.9906313645621181,1229,0.7771428571428571,0.8192771084337349,0.7976539589442815,166,0.7307692307692307,0.6909090909090909,0.7102803738317757,110
DecisionTree,0,"{'max_depth': None, 'class_weight': None}",4,6095,1556,0.9974455999908969,0.0030665999511256814,0.9498714652956298,0.8316963434887964,0.8594045468396455,0.8316963434887964,0.8448079202171873,0.9487806249064926,0.8374442711966401,0.9813519813519813,0.9929245283018868,0.9871043376318874,1272,0.8024691358024691,0.7878787878787878,0.7951070336391437,165,0.794392523364486,0.7142857142857143,0.7522123893805309,119
DecisionTree,0,"{'max_depth': None, 'class_weight': None}",5,6100,1551,0.8922897999873385,0.00309639994520694,0.9600257898130239,0.885181248446445,0.889247876718326,0.885181248446445,0.8863319669114206,0.9597420742954109,0.8740379903220878,0.9850275807722616,0.9904912836767037,0.9877518767285658,1262,0.8827160493827161,0.807909604519774,0.8436578171091446,177,0.8,0.8571428571428571,0.8275862068965517,112
DecisionTree,1,"{'max_depth': None, 'class_weight': 'balanced'}",1,6115,1536,0.7642138000810519,0.0025480000767856836,0.9459635416666666,0.8529658561493506,0.8257276288649344,0.8529658561493506,0.8374564562263765,0.9471127406938752,0.8327701045709688,0.9935535858178888,0.9824701195219123,0.9879807692307693,1255,0.7924528301886793,0.7590361445783133,0.7753846153846153,166,0.6911764705882353,0.8173913043478261,0.749003984063745,115
DecisionTree,1,"{'max_depth': None, 'class_weight': 'balanced'}",2,6148,1503,0.67387709999457,0.0030104999896138906,0.9500998003992016,0.8327244271994835,0.8421403978775857,0.8327244271994835,0.8373685855248042,0.9496697369036833,0.839847424306508,0.9878542510121457,0.9926769731489016,0.9902597402597403,1229,0.8129032258064516,0.7924528301886793,0.802547770700637,159,0.7256637168141593,0.7130434782608696,0.7192982456140351,115
DecisionTree,1,"{'max_depth': None, 'class_weight': 'balanced'}",3,6146,1505,0.7153621999314055,0.002535899984650314,0.9495016611295681,0.8434881028663809,0.8459725048165274,0.8434881028663809,0.8441014036062215,0.9495480578928264,0.8407422465717846,0.9893964110929854,0.9869812855980472,0.9881873727087577,1229,0.7740112994350282,0.8253012048192772,0.7988338192419825,166,0.7745098039215687,0.7181818181818181,0.7452830188679245,110
DecisionTree,1,"{'max_depth': None, 'class_weight': 'balanced'}",4,6095,1556,0.7046992999967188,0.0028988999547436833,0.9498714652956298,0.8326735725736837,0.8921590963759852,0.8326735725736837,0.8579575700983838,0.9483757013081694,0.8358457484734386,0.9730146491904395,0.9921383647798742,0.982483456597898,1272,0.7904191616766467,0.8,0.7951807228915663,165,0.9130434782608695,0.7058823529411765,0.7962085308056872,119
DecisionTree,1,"{'max_depth': None, 'class_weight': 'balanced'}",5,6100,1551,0.7256071000592783,0.003110299934633076,0.9516441005802708,0.8649490316688603,0.8790309851630607,0.8649490316688603,0.871793894835014,0.9511135384954528,0.8467620151484313,0.9779874213836478,0.9857369255150554,0.9818468823993686,1262,0.8392857142857143,0.7966101694915254,0.8173913043478261,177,0.8198198198198198,0.8125,0.8161434977578476,112
DecisionTree,2,"{'max_depth': 12, 'class_weight': None}",1,6115,1536,0.6609464000212029,0.003082800074480474,0.94921875,0.8708276375900276,0.8347438014522228,0.8708276375900276,0.8517718995246614,0.9507154465591056,0.844865086487885,0.9959448499594485,0.9784860557768924,0.9871382636655949,1255,0.7873563218390804,0.8253012048192772,0.8058823529411765,166,0.7209302325581395,0.808695652173913,0.7622950819672131,115
DecisionTree,2,"{'max_depth': 12, 'class_weight': None}",2,6148,1503,0.696520600002259,0.003850199980661273,0.9554224883566201,0.8408118184793567,0.8539089424031877,0.8408118184793567,0.8455113059181487,0.9548534236018015,0.8578943489790409,0.9935012185215272,0.9951179820992677,0.9943089430894309,1229,0.7803468208092486,0.8490566037735849,0.8132530120481928,159,0.7878787878787878,0.6782608695652174,0.7289719626168224,115
DecisionTree,2,"{'max_depth': 12, 'class_weight': None}",3,6146,1505,0.6150323000038043,0.0032595000229775906,0.958139534883721,0.8630520900080833,0.8736998499648704,0.8630520900080833,0.8642192317614663,0.9579491470291691,0.8692779064565241,0.9942716857610474,0.9886086248982913,0.9914320685434517,1229,0.7823834196891192,0.9096385542168675,0.841225626740947,166,0.8444444444444444,0.6909090909090909,0.76,110
DecisionTree,2,"{'max_depth': 12, 'class_weight': None}",4,6095,1556,0.651118699926883,0.0033905000891536474,0.9530848329048843,0.8376964507930102,0.8861685436351592,0.8376964507930102,0.8574132965771436,0.9517835223603971,0.8476409917074086,0.9798449612403101,0.9937106918238994,0.9867291178766588,1272,0.7873563218390804,0.8303030303030303,0.8082595870206489,165,0.8913043478260869,0.6890756302521008,0.7772511848341233,119
DecisionTree,2,"{'max_depth': 12, 'class_weight': None}",5,6100,1551,0.7259710000362247,0.003939699963666499,0.961960025789813,0.876703874177282,0.9083715687082016,0.876703874177282,0.8918330382727296,0.961204791375557,0.8786500054431043,0.9812206572769953,0.993660855784469,0.9874015748031496,1262,0.8713450292397661,0.8418079096045198,0.8563218390804598,177,0.8725490196078431,0.7946428571428571,0.8317757009345794,112
DecisionTree,3,"{'max_depth': 12, 'class_weight': 'balanced'}",1,6115,1536,0.5972109999274835,0.003764699911698699,0.9498697916666666,0.8727970604051404,0.8409365343188872,0.8727970604051404,0.8559758608009513,0.951275633024634,0.8470887153608532,0.9959415584415584,0.9776892430278884,0.9867310012062727,1255,0.7621621621621621,0.8493975903614458,0.8034188034188035,166,0.7647058823529411,0.7913043478260869,0.7777777777777778,115
DecisionTree,3,"{'max_depth': 12, 'class_weight': 'balanced'}",2,6148,1503,0.553436900023371,0.0030140000162646174,0.9414504324683965,0.8361392291045577,0.8202834604414976,0.8361392291045577,0.8257493122569025,0.9423006309054601,0.8195044545099185,0.9917423616845582,0.9772172497965825,0.9844262295081967,1229,0.7287234042553191,0.8616352201257862,0.7896253602305475,159,0.7403846153846154,0.6695652173913044,0.7031963470319634,115
DecisionTree,3,"{'max_depth': 12, 'class_weight': 'balanced'}",3,6146,1505,0.6501622000942007,0.0026987000601366162,0.9521594684385382,0.8572365354605789,0.8639518310259594,0.8572365354605789,0.8515163357078097,0.9523015722602427,0.8543917604064123,0.9958677685950413,0.9804719283970708,0.988109881098811,1229,0.7405660377358491,0.9457831325301205,0.8306878306878307,166,0.8554216867469879,0.6454545454545455,0.7357512953367875,110
DecisionTree,3,"{'max_depth': 12, 'class_weight': 'balanced'}",4,6095,1556,0.5968089000089094,0.004096799995750189,0.9485861182519281,0.8395746749242864,0.8902194494253471,0.8395746749242864,0.8561875497669525,0.9478125125355014,0.8349921099214624,0.9781591263650546,0.9858490566037735,0.9819890368050117,1272,0.7513227513227513,0.8606060606060606,0.8022598870056498,165,0.9411764705882353,0.6722689075630253,0.7843137254901961,119
DecisionTree,3,"{'max_depth': 12, 'class_weight': 'balanced'}",5,6100,1551,0.5680942999897525,0.0026050000451505184,0.9548678272082527,0.8905156715600188,0.8805063390818174,0.8905156715600188,0.8834740963419856,0.9555492643009704,0.8628446628978164,0.989558232931727,0.9762282091917591,0.9828480255285201,1262,0.7892156862745098,0.9096045197740112,0.8451443569553806,177,0.8627450980392157,0.7857142857142857,0.822429906542056,112
HistGradientBoosting,0,"{'max_iter': 200, 'max_depth': None, 'class_weight': None}",1,6115,1536,6.0063243000768125,0.06555069994647056,0.9759114583333334,0.9298079204049875,0.9193781579697747,0.9298079204049875,0.9245040526477651,0.9761002491868883,0.9241888976932955,0.9968,0.9928286852589642,0.9948103792415169,1255,0.9041916167664671,0.9096385542168675,0.9069069069069069,166,0.8571428571428571,0.8869565217391304,0.8717948717948718,115
HistGradientBoosting,0,"{'max_iter': 200, 'max_depth': None, 'class_weight': None}",2,6148,1503,2.959355599945411,0.066069700056687,0.9654025282767797,0.8639344098158329,0.8907527985159875,0.8639344098158329,0.8729158784216501,0.9644659309976322,0.8895794116783183,0.9951377633711507,0.9991863303498779,0.9971579374746244,1229,0.8089887640449438,0.9056603773584906,0.8545994065281899,159,0.8681318681318682,0.6869565217391305,0.7669902912621359,115
HistGradientBoosting,0,"{'max_iter': 200, 'max_depth': None, 'class_weight': None}",3,6146,1505,3.130646000034176,0.06317570002283901,0.973421926910299,0.9024982539819756,0.9203483604788664,0.9024982539819756,0.9073695533690945,0.9730851113406151,0.9166405743831012,0.9975530179445351,0.9951179820992677,0.9963340122199593,1229,0.8412698412698413,0.9578313253012049,0.895774647887324,166,0.9222222222222223,0.7545454545454545,0.83,110
HistGradientBoosting,0,"{'max_iter': 200, 'max_depth': None, 'class_weight': None}",4,6095,1556,3.0841363000217825,0.06560209998860955,0.9704370179948586,0.902001223588349,0.9438442749034636,0.902001223588349,0.921130592972934,0.9699303573776711,0.9042348573836797,0.9821567106283942,0.9952830188679245,0.9886762983209684,1272,0.8787878787878788,0.8787878787878788,0.8787878787878788,165,0.9705882352941176,0.8319327731092437,0.8959276018099548,119
HistGradientBoosting,0,"{'max_iter': 200, 'max_depth': None, 'class_weight': None}",5,6100,1551,3.124843000085093,0.07640590006485581,0.9813023855577047,0.930570265030632,0.9610426826571962,0.930570265030632,0.9441628627231303,0.980951897524034,0.940997480164166,0.990558615263572,0.9976228209191759,0.9940781681800237,1262,0.9234972677595629,0.9548022598870056,0.9388888888888889,177,0.9690721649484536,0.8392857142857143,0.8995215311004785,112
HistGradientBoosting,1,"{'max_iter': 200, 'max_depth': None, 'class_weight': 'balanced'}",1,6115,1536,3.3127836000639945,0.06736970006022602,0.9752604166666666,0.9330271719130115,0.9201334564682022,0.9330271719130115,0.926486305540239,0.9754827442925197,0.9224015186380553,0.9959935897435898,0.9904382470119522,0.9932081502197363,1255,0.9,0.9216867469879518,0.9107142857142857,166,0.864406779661017,0.8869565217391304,0.8755364806866953,115
HistGradientBoosting,1,"{'max_iter': 200, 'max_depth': None, 'class_weight': 'balanced'}",2,6148,1503,3.7261779999826103,0.09092900005634874,0.9647371922821024,0.8628610719331883,0.8867068575435756,0.8628610719331883,0.8696588226879337,0.9638952598105889,0.8880401924154304,0.9967506092607636,0.9983726606997559,0.9975609756097561,1229,0.7967032967032966,0.9119496855345912,0.8504398826979472,159,0.8666666666666667,0.6782608695652174,0.7609756097560976,115
HistGradientBoosting,1,"{'max_iter': 200, 'max_depth': None, 'class_weight': 'balanced'}",3,6146,1505,4.337796100066043,0.07763930002693087,0.9740863787375416,0.9093099077276633,0.9176971788526768,0.9093099077276633,0.9110275620693425,0.9739576330615606,0.9188419108848932,0.9983660130718954,0.9943043124491456,0.9963310232368529,1229,0.8494623655913979,0.9518072289156626,0.8977272727272727,166,0.9052631578947369,0.7818181818181819,0.8390243902439024,110
HistGradientBoosting,1,"{'max_iter': 200, 'max_depth': None, 'class_weight': 'balanced'}",4,6095,1556,3.4378230000147596,0.06761180004104972,0.9710796915167095,0.9032405071805737,0.9445018229633614,0.9032405071805737,0.9215552311416181,0.9706432754092089,0.906548818303677,0.9836829836829837,0.9952830188679245,0.9894490035169988,1272,0.8698224852071006,0.8909090909090909,0.8802395209580839,165,0.98,0.8235294117647058,0.8949771689497716,119
HistGradientBoosting,1,"{'max_iter': 200, 'max_depth': None, 'class_weight': 'balanced'}",5,6100,1551,3.438458999968134,0.06962760002352297,0.9819471308833011,0.931360552897191,0.9600748726878331,0.931360552897191,0.9437477399341198,0.9815810147108414,0.9431945882807159,0.9921197793538219,0.9976228209191759,0.9948636902410115,1262,0.9193548387096774,0.9661016949152542,0.9421487603305785,177,0.96875,0.8303571428571429,0.8942307692307693,112
XGBoost,0,"{'n_estimators': 300, 'max_depth': 6, 'learning_rate': 0.1}",1,6115,1536,4.040272300015204,0.031354900100268424,0.9759114583333334,0.9289174018088637,0.9213376551506048,0.9289174018088637,0.9250942345707353,0.9760468473435883,0.9240472590630777,0.9960031974420464,0.9928286852589642,0.994413407821229,1255,0.9047619047619048,0.9156626506024096,0.9101796407185628,166,0.8632478632478633,0.8782608695652174,0.8706896551724138,115
XGBoost,0,"{'n_estimators': 300, 'max_depth': 6, 'learning_rate': 0.1}",2,6148,1503,4.638790199998766,0.029406999936327338,0.9660678642714571,0.867856058716526,0.8952599366925208,0.867856058716526,0.8759901390174639,0.9652198181489765,0.8921708674163912,0.9959415584415584,0.9983726606997559,0.9971556277935798,1229,0.8021978021978022,0.9182389937106918,0.8563049853372434,159,0.8876404494382022,0.6869565217391305,0.7745098039215687,115
XGBoost,0,"{'n_estimators': 300, 'max_depth': 6, 'learning_rate': 0.1}",3,6146,1505,4.318198899971321,0.029616700019687414,0.9727574750830564,0.8977311420398659,0.9195055058438024,0.8977311420398659,0.9043709888612367,0.9723137712892217,0.9142694530332319,0.996742671009772,0.9959316517493898,0.9963369963369964,1229,0.8404255319148937,0.9518072289156626,0.8926553672316384,166,0.9213483146067416,0.7454545454545455,0.8241206030150754,110
XGBoost,0,"{'n_estimators': 300, 'max_depth': 6, 'learning_rate': 0.1}",4,6095,1556,4.3390851999865845,0.03317139996215701,0.9704370179948586,0.8994621576475073,0.9467776685295136,0.8994621576475073,0.9205491943207734,0.9699329642467271,0.9042107496376854,0.982170542635659,0.9960691823899371,0.9890710382513661,1272,0.8682634730538922,0.8787878787878788,0.8734939759036144,165,0.98989898989899,0.8235294117647058,0.8990825688073395,119
XGBoost,0,"{'n_estimators': 300, 'max_depth': 6, 'learning_rate': 0.1}",5,6100,1551,4.483392499969341,0.027711800066754222,0.9780786589297228,0.9211134315840996,0.9493852760635059,0.9211134315840996,0.9329767799094779,0.9776913292061735,0.931069024553854,0.9913249211356467,0.9960380348652932,0.9936758893280633,1262,0.898936170212766,0.9548022598870056,0.9260273972602739,177,0.9578947368421052,0.8125,0.8792270531400966,112
XGBoost,1,"{'n_estimators': 300, 'max_depth': 4, 'learning_rate': 0.1}",1,6115,1536,2.899269299930893,0.028059100033715367,0.974609375,0.924010818955712,0.9158841471090525,0.924010818955712,0.9198964711468607,0.9747707159597137,0.9199469384551681,0.9960031974420464,0.9928286852589642,0.994413407821229,1255,0.9041916167664671,0.9096385542168675,0.9069069069069069,166,0.847457627118644,0.8695652173913043,0.8583690987124464,115
XGBoost,1,"{'n_estimators': 300, 'max_depth': 4, 'learning_rate': 0.1}",2,6148,1503,3.3036120999604464,0.028692099964246154,0.9680638722554891,0.8715180393846964,0.8998400288296363,0.8715180393846964,0.878976760410017,0.9671003854274134,0.8988590293254582,0.9975629569455727,0.9991863303498779,0.9983739837398374,1229,0.8054054054054054,0.9371069182389937,0.8662790697674418,159,0.896551724137931,0.6782608695652174,0.7722772277227723,115
XGBoost,1,"{'n_estimators': 300, 'max_depth': 4, 'learning_rate': 0.1}",3,6146,1505,2.8843077999772504,0.027644400019198656,0.9727574750830564,0.8994679509516726,0.9185811459381449,0.8994679509516726,0.9045710140671089,0.9723778513132179,0.9145893741903925,0.9975530179445351,0.9951179820992677,0.9963340122199593,1229,0.8368421052631579,0.9578313253012049,0.8932584269662921,166,0.9213483146067416,0.7454545454545455,0.8241206030150754,110
XGBoost,1,"{'n_estimators': 300, 'max_depth': 4, 'learning_rate': 0.1}",4,6095,1556,3.722417499986477,0.030559999984689057,0.967866323907455,0.8958748736773154,0.9338702679743024,0.8958748736773154,0.912532857077379,0.9674806931889843,0.896314747343262,0.9836575875486381,0.9937106918238994,0.9886585842784513,1272,0.847953216374269,0.8787878787878788,0.8630952380952381,165,0.97,0.8151260504201681,0.8858447488584474,119
XGBoost,1,"{'n_estimators': 300, 'max_depth': 4, 'learning_rate': 0.1}",5,6100,1551,3.4679636999499053,0.031495300005190074,0.9761444229529336,0.918701930394764,0.9470864640627005,0.918701930394764,0.9306232866685518,0.9757795819910254,0.9249563531445838,0.9897476340694006,0.9944532488114105,0.9920948616600791,1262,0.8936170212765957,0.9491525423728814,0.9205479452054794,177,0.9578947368421052,0.8125,0.8792270531400966,112
CatBoost,0,"{'iterations': 300, 'depth': 6, 'learning_rate': 0.1, 'auto_class_weights': None}",1,6115,1536,10.711977099999785,0.009543400024995208,0.9752604166666666,0.9303942254380418,0.9182598590493328,0.9303942254380418,0.924236238659657,0.9754806678652561,0.9223980411236458,0.9967948717948718,0.9912350597609562,0.9940071913703555,1255,0.8947368421052632,0.9216867469879518,0.9080118694362018,166,0.8632478632478633,0.8782608695652174,0.8706896551724138,115
CatBoost,0,"{'iterations': 300, 'depth': 6, 'learning_rate': 0.1, 'auto_class_weights': None}",2,6148,1503,10.00217039999552,0.009267200017347932,0.9687292082501663,0.8752187047752714,0.8998795530070915,0.8752187047752714,0.8822989930779074,0.9679143838224575,0.9008093552251024,0.9975629569455727,0.9991863303498779,0.9983739837398374,1229,0.8131868131868132,0.9308176100628931,0.8680351906158358,159,0.8888888888888888,0.6956521739130435,0.7804878048780488,115
CatBoost,0,"{'iterations': 300, 'depth': 6, 'learning_rate': 0.1, 'auto_class_weights': None}",3,6146,1505,9.202398899942636,0.010155600029975176,0.9740863787375416,0.9037917481004719,0.918278290910202,0.9037917481004719,0.908204592730408,0.9737398796524412,0.9184554647427432,0.9975550122249389,0.9959316517493898,0.996742671009772,1229,0.8540540540540541,0.9518072289156626,0.9002849002849003,166,0.9032258064516129,0.7636363636363637,0.8275862068965517,110
CatBoost,0,"{'iterations': 300, 'depth': 6, 'learning_rate': 0.1, 'auto_class_weights': None}",4,6095,1556,9.185768699971959,0.00949710002169013,0.9710796915167095,0.900701441239732,0.9429879488703018,0.900701441239732,0.9192502519970924,0.9706158891561509,0.9065743616871726,0.9844599844599845,0.9960691823899371,0.9902305588120359,1272,0.8647058823529412,0.8909090909090909,0.8776119402985074,165,0.9797979797979798,0.8151260504201681,0.8899082568807339,119
CatBoost,0,"{'iterations': 300, 'depth': 6, 'learning_rate': 0.1, 'auto_class_weights': None}",5,6100,1551,9.541069499915466,0.009161800029687583,0.9832366215344939,0.9384058851543876,0.9577142234259136,0.9384058851543876,0.9471677832912859,0.9830014745381864,0.9472888046682547,0.9936858721389108,0.9976228209191759,0.9956504547251879,1262,0.9289617486338798,0.96045197740113,0.9444444444444444,177,0.9504950495049505,0.8571428571428571,0.9014084507042254,112
CatBoost,1,"{'iterations': 300, 'depth': 6, 'learning_rate': 0.1, 'auto_class_weights': 'Balanced'}",1,6115,1536,11.919039099942893,0.014737099991180003,0.96484375,0.9244021295645078,0.8872211976395566,0.9244021295645078,0.9048027536573322,0.965812491356346,0.8933283604042623,0.9983753046303818,0.9792828685258964,0.9887369267900241,1255,0.8216216216216217,0.9156626506024096,0.8660968660968661,166,0.8416666666666667,0.8782608695652174,0.8595744680851064,115
CatBoost,1,"{'iterations': 300, 'depth': 6, 'learning_rate': 0.1, 'auto_class_weights': 'Balanced'}",2,6148,1503,10.422142699942924,0.011504400055855513,0.9660678642714571,0.8783653687482474,0.8911450102228843,0.8783653687482474,0.8810383960111311,0.9657696311322115,0.8929914781371503,0.9975530179445351,0.9951179820992677,0.9963340122199593,1229,0.8021978021978022,0.9182389937106918,0.8563049853372434,159,0.8736842105263158,0.7217391304347827,0.7904761904761904,115
CatBoost,1,"{'iterations': 300, 'depth': 6, 'learning_rate': 0.1, 'auto_class_weights': 'Balanced'}",3,6146,1505,9.796917199972086,0.01071349997073412,0.9707641196013289,0.9152087601831248,0.9129520422385844,0.9152087601831248,0.9110699462233187,0.9710811767309289,0.9098514995008903,0.9983552631578947,0.9877949552481693,0.9930470347648261,1229,0.8238341968911918,0.9578313253012049,0.8857938718662952,166,0.9166666666666666,0.8,0.8543689320388349,110
CatBoost,1,"{'iterations': 300, 'depth': 6, 'learning_rate': 0.1, 'auto_class_weights': 'Balanced'}",4,6095,1556,9.937715200008824,0.006647799978964031,0.9717223650385605,0.9193258893036917,0.9370059937435825,0.9193258893036917,0.9243655379410624,0.9719227260731115,0.9109690299227766,0.9913317572892041,0.9889937106918238,0.9901613537977174,1272,0.8297872340425532,0.9454545454545454,0.8838526912181303,165,0.98989898989899,0.8235294117647058,0.8990825688073395,119
CatBoost,1,"{'iterations': 300, 'depth': 6, 'learning_rate': 0.1, 'auto_class_weights': 'Balanced'}",5,6100,1551,9.92032759997528,0.011532000033184886,0.9729206963249516,0.926569767466649,0.9303160285239889,0.926569767466649,0.9254978418444186,0.9731038758991746,0.9171725027659656,0.9952038369304557,0.9865293185419969,0.9908475925189018,1262,0.8472906403940886,0.9717514124293786,0.9052631578947369,177,0.9484536082474226,0.8214285714285714,0.8803827751196173,112
LogisticRegression,0,"{'C': 1.0, 'class_weight': None}",1,6115,1536,0.793306399951689,0.0041735999984666705,0.9485677083333334,0.8266538525485974,0.8514696010740316,0.8266538525485974,0.8368885114428166,0.9474271998581089,0.834795969062114,0.9833860759493671,0.9904382470119522,0.9868995633187773,1255,0.7897727272727273,0.8373493975903614,0.8128654970760234,166,0.78125,0.6521739130434783,0.7109004739336493,115
LogisticRegression,0,"{'C': 1.0, 'class_weight': None}",2,6148,1503,0.7839970000786707,0.005162899964489043,0.9387890884896873,0.7738236888893932,0.8417589471994864,0.7738236888893932,0.7845970257177705,0.9350197322356841,0.8042537937500737,0.9838709677419355,0.9926769731489016,0.9882543539894694,1229,0.6865671641791045,0.8679245283018868,0.7666666666666667,159,0.8548387096774194,0.4608695652173913,0.5988700564971752,115
LogisticRegression,0,"{'C': 1.0, 'class_weight': None}",3,6146,1505,0.7911321999272332,0.0035037000197917223,0.9501661129568106,0.8107494405464153,0.8625655884161437,0.8107494405464153,0.8254936569420043,0.9479566758465153,0.8407395641349396,0.9870863599677159,0.9951179820992677,0.9910858995137763,1229,0.7512953367875648,0.8734939759036144,0.807799442896936,166,0.8493150684931506,0.5636363636363636,0.6775956284153005,110
LogisticRegression,0,"{'C': 1.0, 'class_weight': None}",4,6095,1556,0.7669516999740154,0.005274099996313453,0.9395886889460154,0.7743793972706293,0.8820226010530724,0.7743793972706293,0.8062140234701936,0.9355786088727736,0.8009734816432725,0.9693955623565417,0.9960691823899371,0.9825513765025203,1272,0.7228260869565217,0.806060606060606,0.7621776504297995,165,0.9538461538461539,0.5210084033613446,0.6739130434782609,119
LogisticRegression,0,"{'C': 1.0, 'class_weight': None}",5,6100,1551,0.6123022000538185,0.0033756999764591455,0.9361702127659575,0.7761957897218715,0.8884267656691803,0.7761957897218715,0.8182647713370637,0.9320207138659097,0.7898421808328062,0.9557251908396946,0.9920760697305864,0.973561430793157,1262,0.7965116279069767,0.7740112994350282,0.7851002865329513,177,0.9130434782608695,0.5625,0.6961325966850829,112
LogisticRegression,1,"{'C': 1.0, 'class_weight': 'balanced'}",1,6115,1536,1.474434099975042,0.0030790999298915267,0.8958333333333334,0.7938720410830921,0.7309980279085303,0.7938720410830921,0.75589342359589,0.9031458157039277,0.7075756655864124,0.9881756756756757,0.9322709163346613,0.959409594095941,1255,0.5493562231759657,0.7710843373493976,0.6416040100250626,166,0.6554621848739496,0.6782608695652174,0.6666666666666666,115
LogisticRegression,1,"{'C': 1.0, 'class_weight': 'balanced'}",2,6148,1503,0.9791268999688327,0.001649299985729158,0.8662674650698603,0.7717777150337687,0.7315916623407738,0.7717777150337687,0.7191841915484692,0.8803689241762335,0.6624861574110958,0.9936708860759493,0.8942229454841334,0.9413276231263383,1229,0.45110410094637227,0.89937106918239,0.6008403361344538,159,0.75,0.5217391304347826,0.6153846153846154,115
LogisticRegression,1,"{'C': 1.0, 'class_weight': 'balanced'}",3,6146,1505,0.9958067999687046,0.0019919000333175063,0.9049833887043189,0.8049803177500298,0.7557436077879428,0.8049803177500298,0.7709935842642622,0.9117320838982044,0.7346630702653023,0.9939655172413793,0.9381611065907242,0.965257429886982,1229,0.563265306122449,0.8313253012048193,0.6715328467153284,166,0.71,0.6454545454545455,0.6761904761904762,110
LogisticRegression,1,"{'C': 1.0, 'class_weight': 'balanced'}",4,6095,1556,1.0117162000387907,0.0016766999615356326,0.8766066838046273,0.7840529922660888,0.759142520002649,0.7840529922660888,0.7443210134857873,0.8887499376505438,0.6757698744407286,0.987146529562982,0.9056603773584906,0.9446494464944649,1272,0.46885245901639344,0.8666666666666667,0.6085106382978723,165,0.8214285714285714,0.5798319327731093,0.6798029556650246,119
LogisticRegression,1,"{'C': 1.0, 'class_weight': 'balanced'}",5,6100,1551,0.9969385999720544,0.0016936000902205706,0.8974854932301741,0.8111883518438221,0.7777509910632654,0.8111883518438221,0.7797276584884706,0.9044320068447371,0.7204682603145265,0.9847972972972973,0.9239302694136292,0.9533932951757972,1262,0.5595667870036101,0.8757062146892656,0.6828193832599119,177,0.7888888888888889,0.6339285714285714,0.7029702970297029,112
LogisticRegression,2,"{'C': 0.1, 'class_weight': None}",1,6115,1536,0.21349500003270805,0.0016675000078976154,0.9557291666666666,0.8373585107796507,0.8831125210615968,0.8373585107796507,0.8535540412972337,0.9538310975678445,0.8573668743859858,0.983451536643026,0.9944223107569721,0.9889064976228209,1255,0.8087431693989071,0.891566265060241,0.8481375358166189,166,0.8571428571428571,0.6260869565217392,0.7236180904522613,115
LogisticRegression,2,"{'C': 0.1, 'class_weight': None}",2,6148,1503,0.23818879993632436,0.0015952999237924814,0.9414504324683965,0.7741064670902852,0.8552398778070079,0.7741064670902852,0.7885011810366781,0.936888546578214,0.8115178578776767,0.9823434991974318,0.9959316517493898,0.9890909090909091,1229,0.702020202020202,0.8742138364779874,0.7787114845938375,159,0.8813559322033898,0.45217391304347826,0.5977011494252874,115
LogisticRegression,2,"{'C': 0.1, 'class_weight': None}",3,6146,1505,0.21774519991595298,0.0022951000137254596,0.9541528239202658,0.8238199042192886,0.8851736972704715,0.8238199042192886,0.840569806131581,0.95182815536352,0.853621916959338,0.9862903225806452,0.9951179820992677,0.9906844876468206,1229,0.7692307692307693,0.9036144578313253,0.8310249307479224,166,0.9,0.5727272727272728,0.7,110
LogisticRegression,2,"{'C': 0.1, 'class_weight': None}",4,6095,1556,0.2311801000032574,0.0016111000441014767,0.9383033419023136,0.7627217954077,0.8877592199835043,0.7627217954077,0.7976354485653686,0.9335833415759963,0.7959811053780921,0.9679878048780488,0.9984276729559748,0.9829721362229102,1272,0.7119565217391305,0.793939393939394,0.7507163323782235,165,0.9833333333333333,0.4957983193277311,0.659217877094972,119
LogisticRegression,2,"{'C': 0.1, 'class_weight': None}",5,6100,1551,0.21558840002398938,0.002210599952377379,0.935525467440361,0.7645572639864723,0.8977693238023033,0.7645572639864723,0.812564351123723,0.9304624690399084,0.78653910785007,0.9522365428354814,0.9952456418383518,0.9732661759008137,1262,0.8035714285714286,0.7627118644067796,0.782608695652174,177,0.9375,0.5357142857142857,0.6818181818181818,112
LogisticRegression,3,"{'C': 0.1, 'class_weight': 'balanced'}",1,6115,1536,0.4680046000285074,0.0028260000981390476,0.8984375,0.8071700625470877,0.7453696991672943,0.8071700625470877,0.7686865423046164,0.9057257075842085,0.7164191820745356,0.988155668358714,0.9306772908366534,0.9585556011489537,1255,0.5523012552301255,0.7951807228915663,0.6518518518518519,166,0.6956521739130435,0.6956521739130435,0.6956521739130435,115
LogisticRegression,3,"{'C': 0.1, 'class_weight': 'balanced'}",2,6148,1503,0.4531981999753043,0.0021135000279173255,0.872255489021956,0.7734166093181973,0.7436645636093089,0.7734166093181973,0.724588842231784,0.8851945035823269,0.6737068223556827,0.9946140035906643,0.9015459723352319,0.9457959880495092,1229,0.46006389776357826,0.9056603773584906,0.6101694915254238,159,0.7763157894736842,0.5130434782608696,0.6178010471204188,115
LogisticRegression,3,"{'C': 0.1, 'class_weight': 'balanced'}",3,6146,1505,0.4491829000180587,0.0020727000664919615,0.9049833887043189,0.8116198205054852,0.7698202667847074,0.8116198205054852,0.7765399862181512,0.9122195870823245,0.7393062846638347,0.9956634865568084,0.934092758340114,0.9638958858102435,1229,0.5555555555555556,0.8734939759036144,0.6791569086651054,166,0.7582417582417582,0.6272727272727273,0.6865671641791045,110
LogisticRegression,3,"{'C': 0.1, 'class_weight': 'balanced'}",4,6095,1556,0.5208555000135675,0.002251699916087091,0.8823907455012854,0.7926631544556072,0.7737005574334342,0.7926631544556072,0.7525235176680547,0.8938928028391249,0.6919126469984347,0.990582191780822,0.9095911949685535,0.9483606557377049,1272,0.4805194805194805,0.896969696969697,0.6257928118393234,165,0.85,0.5714285714285714,0.6834170854271356,119
LogisticRegression,3,"{'C': 0.1, 'class_weight': 'balanced'}",5,6100,1551,0.44113729998935014,0.002576799946837127,0.90715667311412,0.8275363878304463,0.818687257452587,0.8275363878304463,0.801336414303366,0.9126431657872778,0.7458239300606373,0.984873949579832,0.9286846275752774,0.9559543230016313,1262,0.5865724381625441,0.9378531073446328,0.7217391304347827,177,0.8846153846153846,0.6160714285714286,0.7263157894736842,112
SVM,0,"{'C': 1.0, 'kernel': 'rbf', 'gamma': 'scale', 'class_weight': None}",1,6115,1536,1.0067434000084177,0.12074319995008409,0.98046875,0.9377077337585228,0.9413419343127739,0.9377077337585228,0.9386528306871456,0.9804548053441655,0.9384084471629666,0.9968051118210862,0.9944223107569721,0.9956122856003191,1255,0.8932584269662921,0.9578313253012049,0.9244186046511628,166,0.9339622641509434,0.8608695652173913,0.8959276018099548,115
SVM,0,"{'C': 1.0, 'kernel': 'rbf', 'gamma': 'scale', 'class_weight': None}",2,6148,1503,1.1361020000185817,0.11528999998699874,0.9680638722554891,0.8691116953868839,0.9111482833198162,0.8691116953868839,0.8792846326987043,0.9667099001216839,0.8990069166388466,0.9959448499594485,0.9991863303498779,0.9975629569455727,1229,0.8,0.9559748427672956,0.8710601719197708,159,0.9375,0.6521739130434783,0.7692307692307693,115
SVM,0,"{'C': 1.0, 'kernel': 'rbf', 'gamma': 'scale', 'class_weight': None}",3,6146,1505,1.145837299991399,0.12271399993915111,0.9707641196013289,0.8893547709589745,0.9133141149364339,0.8893547709589745,0.8950743003696161,0.9701329279560703,0.9085062457309548,0.9975530179445351,0.9951179820992677,0.9963340122199593,1229,0.8247422680412371,0.963855421686747,0.8888888888888888,166,0.9176470588235294,0.7090909090909091,0.8,110
SVM,0,"{'C': 1.0, 'kernel': 'rbf', 'gamma': 'scale', 'class_weight': None}",4,6095,1556,1.1001615000423044,0.12962690007407218,0.9665809768637532,0.8785545321616354,0.9383802079008655,0.8785545321616354,0.9026702804996648,0.9656528481989517,0.8916818428611982,0.9814241486068112,0.9968553459119497,0.9890795631825273,1272,0.8448275862068966,0.8909090909090909,0.8672566371681416,165,0.9888888888888889,0.7478991596638656,0.8516746411483254,119
SVM,0,"{'C': 1.0, 'kernel': 'rbf', 'gamma': 'scale', 'class_weight': None}",5,6100,1551,1.1872794000664726,0.1215502000413835,0.9787234042553191,0.9137675410490287,0.9500664893617022,0.9137675410490287,0.9279564328829796,0.978103958343945,0.9331959763129875,0.9929078014184397,0.9984152139461173,0.9956538917423943,1262,0.890625,0.9661016949152542,0.926829268292683,177,0.9666666666666667,0.7767857142857143,0.8613861386138614,112
SVM,1,"{'C': 1.0, 'kernel': 'rbf', 'gamma': 'scale', 'class_weight': 'balanced'}",1,6115,1536,1.455669799936004,0.12818770005833358,0.9622395833333334,0.9337556705255109,0.8923191444110229,0.9337556705255109,0.9093036787234242,0.9636891104935477,0.8888663897976856,0.9991796554552912,0.9705179282868526,0.98464025869038,1255,0.7777777777777778,0.9698795180722891,0.8632707774798928,166,0.9,0.8608695652173913,0.88,115
SVM,1,"{'C': 1.0, 'kernel': 'rbf', 'gamma': 'scale', 'class_weight': 'balanced'}",2,6148,1503,2.2735456000082195,0.18786419997923076,0.9560878243512974,0.8705074306780677,0.8865406800183923,0.8705074306780677,0.8645410195974798,0.9565737813801366,0.8670165856332751,0.9983457402812241,0.9820992676973149,0.9901558654634947,1229,0.7230046948356808,0.9685534591194969,0.8279569892473119,159,0.9382716049382716,0.6608695652173913,0.7755102040816326,115
SVM,1,"{'C': 1.0, 'kernel': 'rbf', 'gamma': 'scale', 'class_weight': 'balanced'}",3,6146,1505,1.436433400027454,0.12367660005111247,0.958139534883721,0.892478769282322,0.8834472540549267,0.892478769282322,0.880799309852546,0.9592008415336417,0.8748050107940507,0.9991680532445923,0.9772172497965825,0.9880707527766351,1229,0.7511737089201878,0.963855421686747,0.8443271767810027,166,0.9,0.7363636363636363,0.81,110
SVM,1,"{'C': 1.0, 'kernel': 'rbf', 'gamma': 'scale', 'class_weight': 'balanced'}",4,6095,1556,1.3696834999136627,0.12520459992811084,0.9659383033419023,0.9191181675643385,0.9205557859476828,0.9191181675643385,0.9118503487540792,0.9668078682487784,0.8968501353918864,0.9960031974420464,0.9795597484276729,0.9877130400317082,1272,0.7761904761904762,0.9878787878787879,0.8693333333333333,165,0.9894736842105263,0.7899159663865546,0.8785046728971962,119
SVM,1,"{'C': 1.0, 'kernel': 'rbf', 'gamma': 'scale', 'class_weight': 'balanced'}",5,6100,1551,1.4354539000196382,0.12598880007863045,0.9638942617666022,0.9217789820361069,0.9122147345646506,0.9217789820361069,0.9120478149065533,0.9647698026725156,0.8926435087544046,0.9951495553759094,0.9754358161648178,0.9851940776310524,1262,0.7935779816513762,0.9774011299435028,0.8759493670886076,177,0.9479166666666666,0.8125,0.875,112
KNN,0,"{'n_neighbors': 5, 'weights': 'distance'}",1,6115,1536,0.010519999894313514,0.08645390009041876,0.966796875,0.8874085637544115,0.9007056737588653,0.8874085637544115,0.889782702377448,0.9665336018158409,0.8959493397880396,0.996,0.9920318725099602,0.9940119760479041,1255,0.8125,0.9397590361445783,0.8715083798882681,166,0.8936170212765957,0.7304347826086957,0.8038277511961722,115
KNN,0,"{'n_neighbors': 5, 'weights': 'distance'}",2,6148,1503,0.011283100000582635,0.026470900047570467,0.9647371922821024,0.8590714821136188,0.9053806356245381,0.8590714821136188,0.8672215308503058,0.9632298776111705,0.8893452470088812,0.9967479674796748,0.9975589910496339,0.9971533143554291,1229,0.7727272727272727,0.9622641509433962,0.8571428571428571,159,0.9466666666666667,0.6173913043478261,0.7473684210526316,115
KNN,0,"{'n_neighbors': 5, 'weights': 'distance'}",3,6146,1505,0.015142300049774349,0.0253840999212116,0.9687707641196013,0.8837374796916788,0.9233028291881188,0.8837374796916788,0.8931461890657459,0.9678513817948773,0.9022971833590493,0.994299674267101,0.9934906427990235,0.9938949938949939,1229,0.8140703517587939,0.9759036144578314,0.8876712328767123,166,0.9615384615384616,0.6818181818181818,0.7978723404255319,110
KNN,0,"{'n_neighbors': 5, 'weights': 'distance'}",4,6095,1556,0.011837400030344725,0.0293505999725312,0.9607969151670951,0.8578379722386381,0.9258809416704153,0.8578379722386381,0.879117157184624,0.959454233471099,0.8740552360929036,0.9829059829059829,0.9944968553459119,0.9886674482219617,1272,0.7947368421052632,0.9151515151515152,0.8507042253521127,165,1.0,0.6638655462184874,0.797979797979798,119
KNN,0,"{'n_neighbors': 5, 'weights': 'distance'}",5,6100,1551,0.012810499989427626,0.02878459997009486,0.9722759509993553,0.9024638957000154,0.9415396855943907,0.9024638957000154,0.9165703316497059,0.971735472597083,0.9131545451219899,0.98973954222573,0.993660855784469,0.9916963226571768,1262,0.8578680203045685,0.9548022598870056,0.9037433155080213,177,0.9770114942528736,0.7589285714285714,0.8542713567839196,112
KNN,1,"{'n_neighbors': 15, 'weights': 'distance'}",1,6115,1536,0.012342700036242604,0.04284340003505349,0.9680989583333334,0.890534109415316,0.9052673184033418,0.890534109415316,0.893320134241922,0.9675902283637859,0.8999220278764181,0.9952038369304557,0.9920318725099602,0.9936153232242618,1255,0.828125,0.9578313253012049,0.888268156424581,166,0.8924731182795699,0.7217391304347827,0.7980769230769231,115
KNN,1,"{'n_neighbors': 15, 'weights': 'distance'}",2,6148,1503,0.022331499960273504,0.04524639993906021,0.9614105123087159,0.8427535156484375,0.8971938743550587,0.8427535156484375,0.8525213184038561,0.9590931446506814,0.8782058562710802,0.9943273905996759,0.9983726606997559,0.9963459196102314,1229,0.7676767676767676,0.9559748427672956,0.8515406162464986,159,0.9295774647887324,0.5739130434782609,0.7096774193548387,115
KNN,1,"{'n_neighbors': 15, 'weights': 'distance'}",3,6146,1505,0.014944300055503845,0.04607059992849827,0.9614617940199336,0.8531632261719412,0.9057715514361074,0.8531632261719412,0.8625222213879745,0.959522456908333,0.8795989938789766,0.9926769731489016,0.9926769731489016,0.9926769731489016,1229,0.782608695652174,0.9759036144578314,0.868632707774799,166,0.9420289855072463,0.5909090909090909,0.7262569832402235,110
KNN,1,"{'n_neighbors': 15, 'weights': 'distance'}",4,6095,1556,0.022805300075560808,0.04365730006247759,0.955655526992288,0.8344517795683167,0.9231350144470712,0.8344517795683167,0.8613668815142673,0.953198770236842,0.8562082273403888,0.9768518518518519,0.9952830188679245,0.985981308411215,1272,0.7925531914893617,0.9030303030303031,0.8441926345609065,165,1.0,0.6050420168067226,0.7539267015706806,119
KNN,1,"{'n_neighbors': 15, 'weights': 'distance'}",5,6100,1551,0.022338600014336407,0.0503674999345094,0.973565441650548,0.8953821361739248,0.944565250742854,0.8953821361739248,0.9128321080156848,0.9725544617419071,0.9169656257748174,0.989771833202203,0.9968304278922345,0.9932885906040269,1262,0.868020304568528,0.9661016949152542,0.9144385026737968,177,0.9759036144578314,0.7232142857142857,0.8307692307692308,112
MLP,0,"{'hidden_layer_sizes': (64, 32), 'alpha': 0.0001}",1,6115,1536,0.9165385999949649,0.0037586999824270606,0.974609375,0.9221911724500637,0.9334917339478129,0.9221911724500637,0.9265808538833783,0.9745068640655002,0.9195409847870696,0.9920318725099602,0.9920318725099602,0.9920318725099602,1255,0.8764044943820225,0.9397590361445783,0.9069767441860465,166,0.9320388349514563,0.8347826086956521,0.8807339449541285,115
MLP,0,"{'hidden_layer_sizes': (64, 32), 'alpha': 0.0001}",2,6148,1503,0.8731132999528199,0.003587300074286759,0.9667332002661344,0.8695923471295246,0.9088194176995926,0.8695923471295246,0.8772492733323016,0.9653790199348339,0.8953769078471326,0.9959349593495935,0.9967453213995118,0.9963399755998373,1229,0.7938144329896907,0.9685534591194969,0.8725212464589235,159,0.9367088607594937,0.6434782608695652,0.7628865979381443,115
MLP,0,"{'hidden_layer_sizes': (64, 32), 'alpha': 0.0001}",3,6146,1505,1.0345306999515742,0.0032311000395566225,0.9740863787375416,0.9030772100904544,0.9193811658971017,0.9030772100904544,0.9088767929569254,0.973750334135258,0.9181281711989887,0.9967453213995118,0.9967453213995118,0.9967453213995118,1229,0.8571428571428571,0.9397590361445783,0.896551724137931,166,0.9042553191489362,0.7727272727272727,0.8333333333333334,110
MLP,0,"{'hidden_layer_sizes': (64, 32), 'alpha': 0.0001}",4,6095,1556,0.6838337000226602,0.004290100070647895,0.961439588688946,0.8590729316312001,0.9390932879638276,0.8590729316312001,0.8920709040956599,0.960034910558048,0.8737196451109118,0.9739063699155794,0.9976415094339622,0.9856310679611651,1272,0.8433734939759037,0.8484848484848485,0.8459214501510574,165,1.0,0.7310924369747899,0.8446601941747572,119
MLP,0,"{'hidden_layer_sizes': (64, 32), 'alpha': 0.0001}",5,6100,1551,0.8949660999933258,0.003466400085017085,0.9722759509993553,0.8959468254607796,0.9451355772110489,0.8959468254607796,0.914010420897403,0.9713293932248342,0.91269948169963,0.9874213836477987,0.9952456418383518,0.9913180741910024,1262,0.8717948717948718,0.96045197740113,0.9139784946236559,177,0.9761904761904762,0.7321428571428571,0.8367346938775511,112
